{"bounds":{"east":114.00006294250488,"north":24.000062942504883,"south":22.99962043762207,"west":112.99962043762207},"contentType":"quantizedmesh","latLonBounds":{"east":114.00006294250488,"north":24.000062942504883,"south":22.99962043762207,"west":112.99962043762207},"maxzoom":14,"minzoom":0,"proj":4326,"tiletrans":"tms","type":"terrain","ziped":false}