{"bounds":{"east":114.40612792968726,"north":30.526779182105734,"south":30.512578223458394,"west":114.38415527343726},"contentType":"image/png","generatetool":"cesiumlab3@www.cesiumlab.com/imagetiler","latLonBounds":{"east":114.40612792968726,"north":30.526779182105734,"south":30.512578223458394,"west":114.38415527343726},"maxzoom":18,"minzoom":0,"proj":3857,"tilesize":256,"tiletrans":"google","type":"image","ziped":false}